Invoice ID,Branch,Gender,Date,Time,Rating
750-67-8428,A,Female,01-05-2019,13:08,9.1
226-31-3081,C,Female,03-08-2019,10:29,9.6
631-41-3108,A,Male,03-03-2019,13:23,7.4
123-19-1176,A,Male,1-27-2019,20:33,8.4
373-73-7910,A,Male,02-08-2019,10:37,5.3
699-14-3026,C,Male,3-25-2019,18:30,4.1
355-53-5943,A,Female,2-25-2019,14:36,5.8
315-22-5665,C,Female,2-24-2019,11:38,8
665-32-9167,A,Female,01-10-2019,17:15,7.2
692-92-5582,B,Female,2-20-2019,13:27,5.9
351-62-0822,B,Female,02-06-2019,18:07,4.5
529-56-3974,B,Male,03-09-2019,17:03,6.8
365-64-0515,A,Female,02-12-2019,10:25,7.1
252-56-2699,A,Male,02-07-2019,16:48,8.2
829-34-3910,A,Female,3-29-2019,19:21,5.7
299-46-1805,B,Female,1-15-2019,16:19,4.5
656-95-9349,A,Female,03-11-2019,11:03,4.6
765-26-6951,A,Male,01-01-2019,10:39,6.9
329-62-1586,A,Male,1-21-2019,18:00,8.6
319-50-3348,B,Female,03-11-2019,15:30,4.4
300-71-4605,C,Male,2-25-2019,11:24,4.8
371-85-5789,B,Male,03-05-2019,10:40,5.1
273-16-6619,B,Male,3-15-2019,12:20,4.4
636-48-8204,A,Male,2-17-2019,11:15,9.9
549-59-1358,A,Male,03-02-2019,17:36,6
227-03-5010,A,Female,3-22-2019,19:20,8.5
649-29-6775,B,Male,02-08-2019,15:31,6.7
189-17-4241,A,Female,03-10-2019,12:17,7.7
145-94-9061,B,Female,1-25-2019,19:48,9.6
848-62-7243,A,Male,3-15-2019,15:36,7.4
871-79-8483,B,Male,2-25-2019,19:39,4.8
149-71-6266,B,Male,1-28-2019,12:43,4.5
640-49-2076,B,Male,01-10-2019,14:49,5.1
595-11-5460,A,Male,3-15-2019,10:12,5.1
183-56-6882,C,Female,02-06-2019,10:42,7.5
232-16-2483,C,Female,01-07-2019,12:28,6.8
129-29-8530,A,Male,03-10-2019,19:15,7
272-65-1806,A,Female,1-15-2019,17:17,4.7
333-73-7901,C,Female,3-23-2019,13:24,7.6
777-82-7220,B,Male,03-03-2019,13:01,7.7
280-35-5823,B,Female,1-17-2019,18:45,7.9
554-53-8700,C,Male,02-02-2019,10:11,6.3
354-25-5821,B,Female,02-08-2019,13:03,5.6
228-96-1411,C,Female,03-04-2019,20:39,7.6
617-15-4209,C,Male,3-16-2019,19:47,7.2
132-32-9879,B,Female,03-09-2019,18:00,9.5
370-41-7321,B,Male,2-27-2019,17:24,8.4
727-46-3608,B,Female,02-06-2019,15:47,4.1
669-54-1719,B,Male,02-10-2019,12:45,8.1
574-22-5561,C,Female,3-19-2019,17:08,7.9
326-78-5178,C,Male,02-03-2019,10:19,9.5
162-48-8011,A,Female,02-10-2019,15:10,8.5
616-24-2851,B,Female,3-22-2019,14:42,6.5
778-71-5554,C,Male,1-25-2019,15:46,6.1
242-55-6721,B,Male,03-07-2019,11:49,6.5
399-46-5918,C,Female,2-28-2019,19:01,8.2
106-35-6779,A,Male,3-27-2019,11:26,5.8
635-40-6220,A,Male,02-07-2019,11:28,6.6
817-48-8732,A,Female,1-20-2019,15:55,5.4
120-06-4233,C,Male,03-12-2019,20:36,9.3
285-68-5083,C,Female,2-15-2019,17:47,10
803-83-5989,C,Male,2-24-2019,10:55,7
347-34-2234,B,Female,02-03-2019,13:40,10
199-75-8169,A,Male,03-06-2019,12:27,8.6
853-23-2453,B,Male,2-14-2019,14:35,7.6
877-22-3308,A,Male,3-13-2019,16:40,5.8
838-78-4295,C,Female,02-10-2019,15:43,6.7
109-28-2512,B,Female,01-07-2019,15:01,9.9
232-11-3025,A,Male,1-24-2019,10:04,6.4
382-03-4532,A,Female,02-02-2019,18:50,4.3
393-65-2792,C,Male,01-06-2019,12:46,9.6
796-12-2025,C,Male,02-11-2019,16:19,5.9
510-95-6347,B,Female,03-05-2019,18:17,4
841-35-6630,C,Female,03-09-2019,18:21,8.7
287-21-9091,A,Male,1-22-2019,10:55,9.4
732-94-0499,C,Female,1-13-2019,17:04,5.4
263-10-3913,C,Male,01-09-2019,14:20,8.6
381-20-0914,A,Female,01-12-2019,15:48,5.7
829-49-1914,C,Female,03-05-2019,16:24,6.6
756-01-7507,C,Female,1-22-2019,18:56,6
870-72-4431,C,Female,1-21-2019,14:42,5.5
847-38-7188,B,Female,1-26-2019,19:56,6.4
480-63-2856,C,Male,1-23-2019,18:37,6.6
787-56-0757,C,Female,2-23-2019,18:45,8.3
360-39-5055,C,Male,03-09-2019,10:17,6.6
730-50-9884,C,Female,03-05-2019,14:31,4
362-58-8315,C,Male,3-25-2019,10:23,9.9
633-44-8566,A,Male,3-27-2019,20:35,7.3
504-35-8843,A,Male,01-02-2019,16:57,5.7
318-68-5053,B,Female,2-27-2019,17:55,6.1
565-80-5980,C,Female,1-23-2019,10:25,7.1
225-32-0908,C,Female,1-26-2019,19:54,8.2
873-51-0671,A,Female,01-10-2019,16:42,5.1
152-08-9985,B,Male,03-12-2019,12:09,8.6
512-91-0811,C,Male,02-06-2019,20:05,6.6
594-34-4444,A,Male,03-08-2019,20:38,7.2
766-85-7061,B,Male,3-29-2019,10:25,5.1
871-39-9221,C,Female,02-09-2019,13:11,4.1
865-92-6136,A,Male,3-23-2019,10:16,9.3
733-01-9107,B,Male,03-05-2019,18:14,7.4
163-56-7055,C,Male,3-26-2019,19:20,4.1
189-98-2939,C,Male,03-01-2019,13:22,7.2
551-21-3069,C,Female,02-01-2019,11:27,4.9
212-62-1842,A,Male,3-28-2019,16:44,9.9
716-39-1409,B,Male,3-19-2019,18:19,8
704-48-3927,A,Male,01-12-2019,14:50,7.3
628-34-3388,C,Male,01-05-2019,20:54,7.9
630-74-5166,A,Male,3-22-2019,20:19,7.4
588-01-7461,C,Female,3-24-2019,10:43,4.2
861-77-0145,C,Male,03-03-2019,14:30,9.2
479-26-8945,B,Female,02-05-2019,11:32,4.6
210-67-5886,C,Female,02-05-2019,10:41,7.8
227-78-1148,B,Female,2-15-2019,12:44,8.4
645-44-1170,A,Male,1-19-2019,20:07,4.3
237-01-6122,C,Female,02-01-2019,20:31,9.5
225-98-1496,C,Female,03-02-2019,13:01,7.1
291-32-1427,B,Male,03-05-2019,12:29,5.3
659-65-8956,B,Male,1-16-2019,15:26,5.2
642-32-2990,A,Female,02-02-2019,20:48,6
378-24-2715,B,Male,1-20-2019,20:38,4.1
638-60-7125,A,Female,2-14-2019,17:03,5.2
659-36-1684,C,Male,01-12-2019,12:02,6.5
219-22-9386,B,Male,03-09-2019,17:26,4.2
336-78-2147,C,Male,3-13-2019,19:52,4.6
268-27-6179,B,Female,03-09-2019,14:57,7.3
668-90-8900,A,Female,03-10-2019,18:44,4.5
870-54-3162,A,Female,1-27-2019,13:26,9
189-08-9157,C,Female,01-08-2019,16:17,5.9
663-86-9076,C,Female,01-08-2019,15:57,8.5
549-84-7482,B,Female,02-08-2019,11:15,7.2
191-10-6171,B,Female,1-25-2019,13:18,7.5
802-70-5316,A,Female,03-06-2019,20:34,8.3
695-51-0018,B,Female,02-10-2019,18:36,7.4
590-83-4591,B,Male,2-17-2019,14:40,8.8
483-71-1164,C,Female,03-08-2019,16:43,5.3
597-78-7908,C,Male,2-18-2019,19:39,6.2
700-81-1757,A,Female,1-18-2019,20:59,8.8
354-39-5160,A,Female,2-18-2019,15:39,9.8
241-72-9525,B,Male,2-16-2019,12:21,8.2
575-30-8091,A,Male,3-16-2019,19:25,9.2
731-81-9469,C,Female,1-23-2019,13:00,5.4
280-17-4359,C,Male,1-25-2019,13:48,8.1
338-65-2210,C,Female,02-05-2019,19:57,9.1
488-25-4221,C,Female,2-22-2019,10:36,8.4
239-10-7476,A,Female,1-21-2019,16:37,8
458-41-1477,C,Female,03-08-2019,17:11,9.5
685-64-1609,A,Female,02-10-2019,12:28,9.2
568-90-5112,C,Male,3-19-2019,12:46,5.6
262-47-2794,B,Male,03-06-2019,15:07,6.2
238-49-0436,A,Male,3-27-2019,13:48,4.9
608-96-3517,B,Female,3-23-2019,19:20,4.8
584-86-7256,C,Male,03-11-2019,16:07,7.3
746-94-0204,A,Male,1-29-2019,11:56,7.4
214-17-6927,C,Female,02-07-2019,18:23,9.9
400-89-4171,C,Female,1-28-2019,13:05,9.3
782-95-9291,A,Male,2-20-2019,15:55,9
279-74-2924,B,Male,01-04-2019,19:40,6.1
307-85-2293,B,Male,03-07-2019,13:58,9.7
743-04-1105,B,Male,3-30-2019,14:43,6
423-57-2993,B,Male,3-27-2019,19:18,10
894-41-5205,C,Female,1-19-2019,19:39,8.3
275-28-0149,A,Male,2-25-2019,16:21,6
101-17-6199,A,Male,3-13-2019,19:44,7
423-80-0988,C,Male,1-30-2019,19:42,6.5
548-46-9322,B,Male,2-20-2019,15:24,5.9
505-02-0892,B,Male,2-25-2019,14:12,5.6
234-65-2137,C,Male,1-16-2019,13:32,4.8
687-47-8271,A,Male,02-08-2019,16:20,8.7
796-32-9050,A,Male,1-19-2019,16:31,6.5
105-31-1824,A,Male,02-01-2019,15:10,8.5
249-42-3782,A,Male,01-03-2019,11:36,5.5
316-55-4634,B,Male,1-26-2019,12:45,9.4
733-33-4967,C,Male,03-03-2019,19:17,6.3
608-27-6295,B,Male,1-19-2019,17:34,9.8
414-12-7047,B,Male,1-18-2019,12:04,8.7
827-26-2100,A,Male,3-21-2019,16:21,8.8
175-54-2529,A,Male,03-03-2019,17:01,9.6
139-52-2867,C,Female,2-13-2019,10:50,4.8
407-63-8975,A,Male,3-23-2019,19:16,4.4
342-65-4817,C,Male,1-28-2019,16:47,9.9
130-98-8941,C,Male,02-09-2019,10:00,5.7
434-83-9547,C,Male,1-23-2019,11:51,7.7
851-28-6367,A,Male,3-23-2019,10:55,8
824-88-3614,C,Male,1-25-2019,15:00,5.7
586-25-0848,A,Female,03-04-2019,11:19,6.7
895-66-0685,B,Male,03-05-2019,19:46,8
305-14-0245,B,Female,03-03-2019,19:00,7.5
732-04-5373,B,Male,02-08-2019,10:53,7
400-60-7251,A,Male,02-10-2019,12:50,9.9
593-65-1552,C,Female,1-28-2019,20:50,5.9
284-34-9626,B,Female,02-11-2019,10:39,7.2
437-58-8131,B,Female,1-15-2019,13:41,4.6
286-43-6208,C,Female,3-16-2019,19:08,9.2
641-43-2399,B,Male,1-26-2019,20:23,5.7
831-07-6050,A,Male,3-19-2019,11:30,9.9
556-86-3144,C,Female,1-13-2019,19:30,5
848-24-9445,C,Male,3-26-2019,18:03,4.9
856-22-8149,A,Female,3-23-2019,10:13,6.1
699-01-4164,C,Male,03-12-2019,19:58,8.2
420-11-4919,C,Female,2-17-2019,19:57,5.5
606-80-4905,C,Female,1-29-2019,10:01,6.8
542-41-0513,B,Female,3-15-2019,11:57,6.6
426-39-2418,C,Male,1-14-2019,10:02,9.8
875-46-5808,B,Male,02-06-2019,14:51,8.7
394-43-4238,B,Male,2-15-2019,12:42,5.4
749-24-1565,A,Female,01-03-2019,12:02,7.9
672-51-8681,C,Female,01-04-2019,18:19,9.7
263-87-5680,C,Female,3-18-2019,17:38,7.8
573-58-9734,B,Female,3-28-2019,13:41,5.1
817-69-8206,B,Female,03-02-2019,19:42,6.5
888-02-0338,A,Male,1-25-2019,20:24,5.9
677-11-0152,C,Female,1-16-2019,18:08,8.8
142-63-6033,B,Male,3-20-2019,19:17,4.9
656-16-1063,B,Male,01-04-2019,13:24,4.4
891-58-8335,B,Female,03-11-2019,15:53,6.5
802-43-8934,A,Male,3-22-2019,15:05,8.3
560-30-5617,B,Female,3-24-2019,18:27,8.5
319-74-2561,A,Female,2-21-2019,16:55,5.5
549-03-9315,B,Male,02-12-2019,12:58,8.7
790-29-1172,B,Female,03-10-2019,18:59,7.9
239-36-3640,B,Male,1-31-2019,13:44,6.1
468-01-2051,B,Male,03-06-2019,13:46,5.4
389-25-3394,C,Male,2-17-2019,18:06,9.4
279-62-1445,C,Female,2-21-2019,12:38,8.2
213-72-6612,A,Male,3-20-2019,15:56,6.2
746-68-6593,C,Female,01-11-2019,14:29,9.7
836-82-5858,B,Male,1-26-2019,19:14,4
583-72-1480,C,Male,1-31-2019,16:24,9.7
466-61-5506,B,Female,2-26-2019,10:52,5.3
721-86-6247,A,Female,03-11-2019,12:55,7.4
289-65-5721,B,Female,1-26-2019,19:28,6.5
545-46-3100,B,Female,03-12-2019,13:52,8.7
418-02-5978,B,Female,02-11-2019,10:54,8
269-04-5750,B,Male,2-21-2019,18:31,6.7
157-13-5295,A,Male,03-09-2019,18:24,6.5
645-78-8093,A,Female,1-20-2019,18:09,4.1
211-30-9270,C,Male,1-28-2019,15:16,4.9
755-12-3214,C,Female,03-05-2019,17:07,8.6
346-84-3103,B,Female,03-02-2019,19:26,4.3
478-06-7835,A,Male,01-11-2019,11:20,4.9
540-11-4336,A,Male,01-11-2019,16:49,5.6
448-81-5016,A,Male,03-11-2019,12:01,5.8
142-72-4741,C,Male,2-28-2019,18:37,6
217-58-1179,A,Male,01-05-2019,11:25,4.2
376-02-8238,B,Male,02-02-2019,18:42,8.3
530-90-9855,A,Male,01-01-2019,14:47,5.7
866-05-7563,B,Female,02-09-2019,19:43,4.8
604-70-6476,A,Male,1-23-2019,14:04,6.8
799-71-1548,A,Male,01-07-2019,16:11,8.8
785-13-7708,B,Male,1-14-2019,19:06,4.2
845-51-0542,B,Male,02-02-2019,15:34,6.4
662-47-5456,C,Male,3-17-2019,19:06,8.4
883-17-4236,C,Female,03-02-2019,19:44,7.2
290-68-2984,A,Male,3-16-2019,11:22,5.2
704-11-6354,A,Male,01-06-2019,11:23,8.9
110-48-7033,B,Male,1-29-2019,14:12,9
366-93-0948,A,Male,1-31-2019,10:46,9.7
729-09-9681,A,Male,02-05-2019,10:16,8.7
151-16-1484,A,Male,2-13-2019,12:38,6.5
380-94-4661,C,Male,02-07-2019,13:05,6.9
850-41-9669,A,Female,3-19-2019,13:25,6.2
821-07-3596,C,Female,03-07-2019,14:53,5.6
655-85-5130,B,Female,3-13-2019,19:22,5.7
447-15-7839,A,Female,02-09-2019,11:00,4.2
154-74-7179,B,Male,2-26-2019,19:24,7.9
253-12-6086,A,Female,03-12-2019,12:43,8.7
808-65-0703,C,Male,3-14-2019,17:22,6.9
571-94-0759,B,Female,01-08-2019,20:55,9.5
144-51-6085,A,Male,01-05-2019,16:05,4.4
731-14-2199,A,Female,01-04-2019,13:34,7
783-09-1637,B,Female,03-06-2019,18:13,6.3
687-15-1097,C,Female,01-03-2019,19:17,9.7
126-54-1082,A,Female,01-07-2019,11:44,8.8
633-91-1052,A,Female,1-27-2019,15:51,5.1
477-24-6490,B,Female,2-26-2019,16:52,7.9
566-19-5475,B,Male,01-07-2019,20:52,6.2
526-86-8552,C,Female,01-07-2019,17:36,7.1
376-56-3573,C,Female,02-02-2019,13:23,6.4
537-72-0426,C,Male,3-20-2019,16:28,5.7
828-61-5674,A,Male,3-20-2019,19:57,9.6
136-08-6195,A,Female,2-15-2019,17:01,6.4
523-38-0215,C,Male,03-06-2019,13:29,7.9
490-29-1201,A,Female,01-06-2019,11:09,6.5
667-92-0055,A,Male,03-04-2019,15:02,8.5
565-17-3836,A,Female,03-12-2019,14:21,9.1
498-41-1961,B,Male,2-20-2019,18:01,7.6
593-95-4461,C,Male,3-24-2019,14:49,6.9
226-71-3580,C,Female,1-31-2019,12:02,9.5
283-79-9594,B,Female,1-25-2019,13:30,5.2
430-60-3493,A,Female,02-03-2019,14:38,4.2
139-20-0155,B,Male,1-24-2019,17:37,7
558-80-4082,C,Male,3-14-2019,17:20,6
278-97-7759,A,Female,2-18-2019,20:29,4.7
316-68-6352,A,Female,1-21-2019,10:00,7.1
585-03-5943,B,Male,3-13-2019,11:46,5.9
211-05-0490,C,Female,03-03-2019,13:42,7.5
727-75-6477,C,Male,3-29-2019,14:44,6.4
744-02-5987,A,Male,01-10-2019,14:16,5.8
307-83-9164,A,Male,1-25-2019,15:54,4.5
779-06-0012,C,Female,1-19-2019,10:21,7.7
446-47-6729,C,Male,01-02-2019,18:09,6.7
573-10-3877,B,Male,03-12-2019,16:46,4.7
735-06-4124,C,Male,2-25-2019,15:31,4.4
439-54-7422,A,Female,3-18-2019,17:15,4.7
396-90-2219,B,Female,2-23-2019,12:29,8.6
411-77-0180,A,Male,3-26-2019,20:14,4.3
286-01-5402,A,Female,3-30-2019,13:22,9.6
803-17-8013,A,Female,2-17-2019,17:09,4.1
512-98-1403,A,Female,3-21-2019,10:40,4.7
848-42-2560,A,Female,03-05-2019,17:43,7.8
532-59-7201,B,Male,1-31-2019,14:04,5.5
181-94-6432,C,Male,02-05-2019,19:05,9.7
870-76-1733,A,Female,02-01-2019,10:08,4.4
423-64-4619,A,Female,03-07-2019,13:12,5
227-07-4446,C,Female,02-10-2019,20:51,4.4
174-36-3675,C,Male,2-14-2019,17:29,5.2
428-83-5800,C,Female,02-09-2019,10:25,7.3
603-07-0961,C,Male,01-10-2019,11:34,4.9
704-20-4138,C,Female,03-11-2019,18:58,8.1
787-15-1757,C,Male,2-18-2019,16:28,8.4
649-11-3678,C,Female,2-26-2019,20:26,5.5
622-20-1945,C,Female,1-18-2019,15:08,8.4
372-94-8041,A,Male,2-15-2019,18:03,9.8
563-91-7120,A,Female,03-08-2019,13:21,6.7
746-54-5508,A,Male,1-17-2019,12:48,9.4
276-54-0879,B,Male,03-12-2019,19:53,6.4
815-11-1168,A,Male,03-09-2019,19:09,5.4
719-76-3868,C,Male,03-12-2019,16:30,8.6
730-61-8757,B,Male,1-25-2019,10:11,4
340-66-0321,A,Male,3-25-2019,13:07,7.6
868-81-1752,B,Male,02-07-2019,18:48,6.8
634-97-8956,A,Male,2-17-2019,17:27,9.1
566-71-1091,A,Male,02-03-2019,15:59,5.5
442-48-3607,A,Male,3-14-2019,11:21,7.9
835-16-0096,C,Male,3-24-2019,13:48,8.5
527-09-6272,A,Female,3-21-2019,10:17,9.1
898-04-2717,A,Male,3-19-2019,15:49,7.5
692-27-8933,B,Female,2-24-2019,13:02,5.2
633-09-3463,C,Female,3-28-2019,12:58,9.5
374-17-3652,B,Female,02-05-2019,15:26,8.9
378-07-7001,B,Male,02-10-2019,18:23,7.8
433-75-6987,B,Female,03-05-2019,19:06,8.9
873-95-4984,B,Female,2-15-2019,20:21,7.7
416-13-5917,C,Female,1-30-2019,16:24,9.3
150-89-8043,A,Male,2-14-2019,15:04,6.2
135-84-8019,A,Female,2-27-2019,16:10,7.6
441-94-7118,A,Male,02-04-2019,12:14,7.3
725-96-3778,C,Female,1-20-2019,10:13,4.7
531-80-1784,A,Male,3-28-2019,17:38,5.1
400-45-1220,B,Female,2-27-2019,11:06,4.8
860-79-0874,C,Female,2-15-2019,14:53,6.6
834-61-8124,A,Male,1-26-2019,18:22,5.5
115-99-4379,B,Female,3-14-2019,19:02,8.5
565-67-6697,B,Male,03-02-2019,14:16,4.8
320-49-6392,C,Female,03-04-2019,15:44,8.4
889-04-9723,B,Female,01-07-2019,12:20,7.8
632-90-0281,C,Female,03-08-2019,20:01,9.3
554-42-2417,C,Female,01-09-2019,13:45,5.2
453-63-6187,B,Male,03-01-2019,15:40,6.5
578-80-7669,B,Male,3-16-2019,16:58,5.6
612-36-5536,A,Male,2-17-2019,11:12,7.4
605-72-4132,C,Female,2-27-2019,15:12,9.1
471-41-2823,C,Male,03-07-2019,20:37,8
462-67-9126,A,Male,1-21-2019,17:44,7.2
272-27-9238,C,Female,2-19-2019,16:23,7.1
834-25-9262,C,Female,01-06-2019,12:12,9.1
122-61-9553,C,Female,3-14-2019,19:33,5.6
468-88-0009,A,Male,3-24-2019,10:29,6
613-59-9758,C,Female,1-27-2019,14:28,5.4
254-31-0042,A,Male,03-06-2019,12:46,7.8
201-86-2184,B,Female,02-02-2019,19:40,9.9
261-12-8671,B,Female,1-25-2019,19:39,4.9
730-70-9830,C,Female,3-14-2019,17:54,5.2
382-25-8917,C,Male,1-29-2019,12:25,8.9
422-29-8786,A,Female,01-03-2019,16:47,9.1
667-23-5919,A,Female,1-14-2019,12:52,7
843-01-4703,B,Female,01-05-2019,19:50,9.6
743-88-1662,C,Male,2-22-2019,18:17,8.7
595-86-2894,C,Male,02-06-2019,17:20,9.4
182-69-8360,B,Female,1-30-2019,13:32,4
289-15-7034,A,Male,01-11-2019,10:37,7.5
462-78-5240,C,Female,3-19-2019,14:35,4.2
868-52-7573,B,Female,1-14-2019,12:09,9.9
153-58-4872,C,Female,03-01-2019,15:32,4.2
662-72-2873,A,Female,01-06-2019,13:58,9.9
525-88-7307,B,Male,1-31-2019,13:19,5.8
689-16-9784,C,Male,03-11-2019,13:37,6
725-56-0833,A,Female,2-20-2019,16:49,10
394-41-0748,C,Female,1-27-2019,14:55,9.5
596-42-3999,B,Male,03-10-2019,14:04,6.6
541-89-9860,C,Female,2-15-2019,12:31,8.1
173-82-9529,B,Female,1-26-2019,14:51,9.7
563-36-9814,A,Male,2-13-2019,18:27,7.2
308-47-4913,A,Female,03-09-2019,12:45,6.2
885-17-6250,A,Female,03-06-2019,10:36,7.3
726-27-2396,A,Female,1-24-2019,20:36,4.3
316-01-3952,A,Female,3-13-2019,14:16,4.6
760-54-1821,B,Male,3-15-2019,10:26,5.8
793-10-3222,B,Female,03-05-2019,13:30,8.3
346-12-3257,B,Male,03-04-2019,16:28,8
110-05-6330,C,Female,3-25-2019,20:18,9.4
651-61-0874,C,Male,03-12-2019,20:04,6.2
236-86-3015,C,Male,02-04-2019,13:38,9.8
831-64-0259,B,Female,2-22-2019,10:43,9.6
587-03-7455,C,Female,2-16-2019,17:30,4.9
882-40-4577,A,Male,1-19-2019,15:28,8
732-67-5346,A,Male,01-11-2019,19:07,7.8
725-32-9708,B,Female,01-04-2019,19:01,4.1
256-08-8343,A,Female,03-04-2019,19:48,5.5
372-26-1506,C,Female,1-28-2019,19:24,5.4
244-08-0162,B,Female,01-02-2019,13:00,5.1
569-71-4390,B,Male,1-25-2019,14:29,6.9
132-23-6451,A,Male,01-04-2019,13:21,7.8
696-90-2548,A,Male,03-10-2019,18:55,6.6
472-15-9636,A,Male,3-22-2019,19:36,9.2
268-03-6164,B,Male,1-25-2019,16:28,7.8
750-57-9686,C,Female,01-08-2019,13:48,8.7
186-09-3669,C,Female,1-22-2019,10:57,9.2
848-07-1692,B,Female,01-12-2019,17:13,8.3
745-71-3520,A,Female,02-04-2019,10:23,8.2
266-76-6436,C,Female,3-28-2019,13:57,7.5
740-22-2500,C,Female,1-23-2019,13:29,9.8
271-88-8734,C,Female,02-08-2019,13:00,8.7
301-81-8610,B,Male,3-19-2019,19:42,6.7
489-64-4354,C,Male,03-09-2019,15:36,5
198-84-7132,B,Male,01-02-2019,13:40,7
269-10-8440,A,Male,1-21-2019,18:01,8.9
650-98-6268,B,Female,3-20-2019,13:53,8
741-73-3559,B,Male,2-27-2019,17:27,6.9
325-77-6186,A,Female,03-08-2019,10:53,7.3
286-75-7818,B,Male,1-31-2019,19:48,6.9
574-57-9721,C,Male,03-08-2019,16:53,5.7
459-50-7686,A,Female,1-13-2019,19:14,6.4
616-87-0016,B,Male,03-09-2019,14:36,9.6
837-55-7229,B,Female,2-22-2019,18:19,6.8
751-69-0068,C,Male,3-19-2019,19:09,9
257-73-1380,C,Male,1-20-2019,16:51,9.6
345-08-4992,A,Male,03-08-2019,15:37,7.7
549-96-4200,C,Male,03-08-2019,20:15,7
810-60-6344,C,Female,02-07-2019,14:38,6.5
450-28-2866,C,Male,1-15-2019,19:25,8.1
394-30-3170,B,Female,3-22-2019,19:35,4.3
138-17-5109,A,Female,1-15-2019,15:42,6.5
192-98-7397,C,Male,01-08-2019,14:11,9.5
301-11-9629,A,Female,1-15-2019,10:43,9.7
390-80-5128,B,Female,1-28-2019,17:58,9.5
235-46-8343,C,Male,2-14-2019,11:26,8.9
453-12-7053,C,Male,03-10-2019,17:38,6.5
296-11-7041,B,Female,01-12-2019,20:07,5.3
449-27-2918,B,Female,3-26-2019,11:02,9.6
891-01-7034,B,Female,01-01-2019,19:07,6.7
744-09-5786,B,Male,01-02-2019,18:50,7.6
727-17-0390,A,Female,3-16-2019,12:43,4.8
568-88-3448,A,Male,03-03-2019,15:09,5.5
187-83-5490,A,Male,1-31-2019,13:47,4.7
767-54-1907,B,Female,2-13-2019,16:59,6.9
710-46-4433,B,Female,2-15-2019,14:15,4.5
533-33-5337,B,Male,02-07-2019,20:24,6.2
325-90-8763,C,Female,1-27-2019,13:58,7.6
729-46-7422,C,Male,2-23-2019,16:52,7.9
639-76-1242,C,Male,02-03-2019,15:19,4.5
234-03-4040,B,Female,03-03-2019,12:25,8.7
326-71-2155,C,Female,02-03-2019,10:02,6.1
320-32-8842,C,Female,3-17-2019,18:58,6.4
470-32-9057,A,Male,3-28-2019,15:31,9.1
878-30-2331,C,Female,03-02-2019,11:22,7.1
440-59-5691,C,Female,02-08-2019,13:12,7.7
554-53-3790,B,Male,3-22-2019,18:33,4.5
746-19-0921,C,Male,02-09-2019,10:02,7.2
233-34-0817,C,Female,2-15-2019,11:21,8.4
767-05-1286,C,Female,1-23-2019,12:10,5.4
340-21-9136,A,Female,1-25-2019,11:40,9.7
405-31-3305,A,Male,02-02-2019,18:31,5.5
731-59-7531,B,Male,3-30-2019,17:58,4.6
676-39-6028,A,Female,3-30-2019,17:04,6.6
502-05-1910,A,Male,2-25-2019,20:35,6.3
485-30-8700,A,Female,3-18-2019,16:10,4.2
598-47-9715,C,Male,03-07-2019,16:54,4.4
701-69-8742,B,Male,3-16-2019,10:11,6.7
575-67-1508,A,Male,1-29-2019,11:26,6.7
541-08-3113,C,Male,02-02-2019,20:29,8.4
246-11-3901,C,Female,2-15-2019,12:12,6.2
674-15-9296,A,Male,01-08-2019,13:05,5
305-18-3552,B,Male,02-12-2019,16:19,6
493-65-6248,C,Female,01-01-2019,19:48,7
438-01-4015,B,Female,3-21-2019,15:25,6.6
709-58-4068,B,Female,2-28-2019,14:42,7.3
795-49-7276,A,Male,3-23-2019,18:59,8.3
556-72-8512,C,Male,1-30-2019,20:47,4.3
627-95-3243,B,Female,02-04-2019,13:21,9.8
686-41-0932,B,Female,3-13-2019,19:48,8.2
510-09-5628,A,Female,3-15-2019,18:20,7.2
608-04-3797,B,Female,03-05-2019,20:24,8.7
148-82-2527,C,Female,03-05-2019,13:44,8.4
437-53-3084,B,Male,2-26-2019,11:48,7.1
632-32-4574,B,Male,3-20-2019,14:14,5.5
556-97-7101,C,Female,01-01-2019,15:51,8.5
862-59-8517,C,Female,1-27-2019,11:17,6.2
401-18-8016,B,Female,1-21-2019,17:36,8.9
420-18-8989,A,Female,02-02-2019,15:47,9.6
277-63-2961,B,Male,02-03-2019,15:53,5.4
573-98-8548,C,Female,01-05-2019,12:40,9.1
620-02-2046,C,Male,1-27-2019,19:48,9
282-35-2475,B,Female,3-25-2019,17:53,6.3
511-54-3087,B,Male,2-25-2019,16:36,9.5
726-29-6793,A,Male,1-28-2019,20:54,9.8
387-49-4215,B,Female,01-08-2019,12:50,6.7
862-17-9201,B,Female,1-29-2019,10:48,7.7
291-21-5991,B,Male,3-29-2019,14:28,7
602-80-9671,C,Female,02-09-2019,17:15,5.1
347-72-6115,B,Female,1-16-2019,18:03,6.2
209-61-0206,A,Female,01-05-2019,17:29,6.1
595-27-4851,A,Female,1-27-2019,18:05,9.3
189-52-0236,A,Male,3-14-2019,12:07,7.6
503-07-0930,C,Male,2-23-2019,19:49,8.2
413-20-6708,C,Female,3-18-2019,15:52,8.5
425-85-2085,B,Male,3-29-2019,16:48,9.8
521-18-7827,C,Male,1-22-2019,20:46,8.7
220-28-1851,A,Male,03-01-2019,18:14,9.7
600-38-9738,C,Male,1-17-2019,15:05,4.3
734-91-1155,B,Female,3-26-2019,10:34,7.7
451-28-5717,C,Female,3-20-2019,11:23,7.3
609-81-8548,A,Female,02-06-2019,13:55,5.9
133-14-7229,C,Male,01-01-2019,11:43,5
534-01-4457,A,Male,1-27-2019,14:36,8
719-89-8991,A,Female,2-25-2019,16:03,7.1
286-62-6248,B,Male,1-16-2019,20:03,9
339-38-9982,B,Male,1-13-2019,14:55,6.7
827-44-5872,B,Female,02-07-2019,11:28,6.1
827-77-7633,A,Male,2-17-2019,19:41,9.3
287-83-1405,A,Male,02-12-2019,19:01,7
435-13-4908,A,Male,1-24-2019,18:04,7.2
857-67-9057,B,Male,02-06-2019,19:20,8.2
236-27-1144,C,Female,3-26-2019,10:31,8.4
892-05-6689,A,Female,03-11-2019,13:28,6.2
583-41-4548,C,Male,02-07-2019,11:36,7.4
339-12-4827,B,Female,01-05-2019,11:32,5
643-38-7867,A,Male,03-07-2019,11:44,6.9
308-81-0538,A,Female,2-25-2019,17:16,4.9
358-88-9262,C,Female,02-01-2019,18:43,5.1
460-35-4390,A,Male,1-22-2019,11:00,9.1
343-87-0864,C,Male,01-03-2019,10:30,7.1
173-50-1108,B,Female,2-13-2019,12:14,5
243-47-2663,C,Male,1-28-2019,16:43,5.5
841-18-8232,B,Female,01-05-2019,20:40,9.2
701-23-5550,B,Male,3-19-2019,13:40,4.9
647-50-1224,A,Female,01-12-2019,16:23,8.9
541-48-8554,A,Male,01-07-2019,12:08,6
539-21-7227,B,Female,1-26-2019,17:45,4.2
213-32-1216,A,Female,1-23-2019,10:28,7.3
747-58-7183,B,Male,02-09-2019,20:31,6.5
582-52-8065,B,Female,2-22-2019,10:49,8.9
210-57-1719,B,Female,02-05-2019,12:34,9.7
399-69-4630,C,Male,03-07-2019,10:23,8.6
134-75-2619,A,Male,3-25-2019,18:51,6.9
356-44-8813,B,Male,1-20-2019,13:45,7.7
198-66-9832,B,Female,02-04-2019,19:38,9.5
283-26-5248,C,Female,1-30-2019,20:23,4.5
712-39-0363,A,Male,01-02-2019,15:24,5.6
218-59-9410,A,Female,3-29-2019,16:54,8.2
174-75-0888,B,Male,3-14-2019,12:32,7.3
866-99-7614,C,Male,02-11-2019,15:42,4.4
134-54-4720,B,Female,1-30-2019,13:58,5.7
760-90-2357,A,Male,3-20-2019,15:08,5
514-37-2845,B,Male,3-20-2019,13:02,9
698-98-5964,A,Female,1-17-2019,13:01,6.3
718-57-9773,C,Female,02-03-2019,16:40,9.4
651-88-7328,A,Female,01-01-2019,13:55,7.7
241-11-2261,B,Female,01-10-2019,10:33,5.5
408-26-9866,C,Female,03-02-2019,16:42,4.1
834-83-1826,B,Female,2-25-2019,17:16,7.6
343-61-3544,B,Male,1-29-2019,11:48,8.6
239-48-4278,A,Male,03-10-2019,19:35,8.3
355-34-6244,B,Male,1-13-2019,19:55,8.1
550-84-8664,A,Male,3-22-2019,14:33,8.6
339-96-8318,B,Male,03-01-2019,19:49,6.3
458-61-0011,B,Male,2-20-2019,18:43,5.8
592-34-6155,C,Male,1-14-2019,14:43,6.2
797-88-0493,A,Female,3-26-2019,13:54,7.7
207-73-1363,B,Male,03-01-2019,12:15,8.1
390-31-6381,C,Male,01-07-2019,12:37,7.3
443-82-0585,A,Female,02-01-2019,19:54,8.4
339-18-7061,C,Female,2-13-2019,15:06,8
359-90-3665,B,Female,1-14-2019,18:03,9.5
375-72-3056,B,Male,1-19-2019,15:58,7
127-47-6963,A,Male,03-09-2019,13:53,9.8
278-86-2735,A,Female,3-27-2019,14:03,9.2
695-28-6250,A,Female,02-04-2019,16:38,7.7
379-17-6588,C,Male,3-14-2019,11:07,5.3
227-50-3718,A,Male,03-04-2019,12:23,4.4
302-15-2162,C,Male,03-03-2019,10:54,4.3
788-07-8452,C,Female,1-27-2019,17:38,9.4
560-49-6611,A,Female,02-07-2019,14:13,9.8
880-35-0356,A,Female,02-05-2019,11:51,4.8
585-11-6748,B,Male,3-15-2019,13:05,5.3
470-31-3286,B,Male,03-01-2019,11:30,8.7
152-68-2907,A,Male,2-15-2019,13:30,9.5
123-35-4896,C,Female,2-17-2019,19:11,5.3
258-69-7810,C,Female,1-26-2019,18:53,9.2
334-64-2006,A,Female,3-24-2019,14:22,9.6
219-61-4139,C,Male,1-23-2019,17:16,6.4
881-41-7302,C,Female,1-26-2019,10:06,4.5
373-09-4567,C,Male,3-14-2019,20:35,6.9
642-30-6693,B,Female,3-17-2019,13:54,7.8
484-22-8230,C,Female,01-08-2019,20:08,4.5
830-58-2383,B,Male,02-08-2019,15:26,8.6
559-98-9873,A,Female,02-10-2019,12:56,5.2
544-32-5024,C,Female,3-28-2019,19:16,6.4
318-12-0304,A,Male,1-23-2019,12:20,5.2
349-97-8902,B,Male,1-17-2019,10:37,8.9
421-95-9805,A,Female,02-07-2019,10:18,6.2
277-35-5865,C,Female,03-09-2019,11:23,6.7
789-23-8625,B,Male,1-24-2019,11:45,7.2
284-54-4231,C,Male,1-19-2019,16:08,9
443-59-0061,A,Male,02-03-2019,11:25,4.2
509-29-3912,A,Female,3-20-2019,12:24,4.2
327-40-9673,B,Male,1-13-2019,19:51,6.9
840-19-2096,C,Male,3-14-2019,18:10,4.4
828-46-6863,A,Male,1-23-2019,11:22,4
641-96-3695,C,Female,02-07-2019,17:55,8.5
420-97-3340,A,Female,3-28-2019,15:30,9.2
436-54-4512,A,Female,3-20-2019,19:44,9.8
670-79-6321,B,Female,1-17-2019,15:27,4.9
852-62-7105,B,Female,01-12-2019,11:25,4.4
598-06-7312,B,Male,2-16-2019,15:42,6.8
135-13-8269,B,Female,1-26-2019,16:04,9.1
816-57-2053,A,Male,03-09-2019,12:37,8.7
628-90-8624,B,Male,3-14-2019,14:41,5
856-66-2701,A,Male,1-25-2019,14:19,7.5
308-39-1707,A,Female,1-26-2019,18:19,8.2
149-61-1929,A,Male,1-19-2019,14:08,6.7
655-07-2265,A,Male,03-05-2019,16:38,5.4
589-02-8023,A,Male,1-15-2019,10:54,7
420-04-7590,B,Male,3-18-2019,11:29,4.7
182-88-2763,B,Male,3-20-2019,19:28,5
188-55-0967,B,Male,1-15-2019,15:01,5
610-46-4100,A,Male,03-03-2019,20:31,6
318-81-2368,C,Female,3-19-2019,12:16,6.3
364-33-8584,B,Female,03-08-2019,15:27,8.5
665-63-9737,B,Male,2-27-2019,17:36,7.5
695-09-5146,B,Female,2-23-2019,20:00,6.4
155-45-3814,C,Female,3-19-2019,15:29,4.7
794-32-2436,B,Male,3-27-2019,15:08,6
131-15-8856,C,Female,3-30-2019,19:26,4
273-84-2164,C,Male,2-16-2019,15:53,5.5
706-36-6154,A,Male,1-18-2019,18:43,8.7
778-89-7974,C,Male,3-30-2019,14:58,7.4
574-31-8277,B,Male,3-20-2019,19:55,5.6
859-71-0933,C,Female,1-16-2019,15:10,6.3
740-11-5257,C,Male,2-24-2019,16:44,7.1
369-82-2676,B,Male,1-15-2019,18:22,7.8
563-47-4072,B,Female,1-22-2019,11:52,9.9
742-04-5161,A,Male,02-03-2019,17:24,7.3
149-15-7606,B,Male,03-06-2019,15:31,5.1
133-77-3154,B,Male,2-16-2019,18:04,9.4
169-52-4504,A,Female,3-14-2019,14:13,5.8
250-81-7186,C,Female,2-27-2019,10:23,8
562-12-5430,A,Female,1-18-2019,10:11,7.9
816-72-8853,A,Female,1-29-2019,15:48,5.9
491-38-3499,A,Male,2-26-2019,17:46,4.9
322-02-2271,B,Female,02-03-2019,11:46,9.3
842-29-4695,C,Male,1-16-2019,12:07,7.9
725-67-2480,B,Female,3-24-2019,18:14,5.9
641-51-2661,C,Female,02-12-2019,14:45,9.9
714-02-3114,C,Female,2-21-2019,11:39,7.7
518-17-2983,A,Female,02-04-2019,15:44,7.6
779-42-2410,B,Male,2-20-2019,13:06,7.7
190-14-3147,B,Female,2-23-2019,20:43,6.4
408-66-6712,C,Female,2-16-2019,14:19,4.4
679-22-6530,B,Female,1-17-2019,10:01,4.1
588-47-8641,A,Male,1-14-2019,19:30,4.4
642-61-4706,B,Male,3-30-2019,16:34,5.5
576-31-4774,B,Female,03-02-2019,13:10,4
556-41-6224,C,Male,2-15-2019,17:10,9.3
811-03-8790,A,Female,03-01-2019,10:22,4.8
242-11-3142,B,Male,2-24-2019,19:57,4.6
752-23-3760,B,Female,2-19-2019,19:29,7.3
274-05-5470,A,Female,2-23-2019,18:30,6
648-94-3045,C,Male,02-07-2019,14:27,8.1
130-67-4723,A,Male,01-11-2019,13:57,9.4
528-87-5606,B,Female,02-12-2019,19:43,6.5
320-85-2052,B,Female,1-14-2019,10:11,7
370-96-0655,C,Female,01-09-2019,13:46,7.1
105-10-6182,A,Male,2-27-2019,12:22,6.6
510-79-0415,B,Female,1-24-2019,19:20,4.9
241-96-5076,B,Female,01-08-2019,12:58,6.4
767-97-4650,B,Female,01-08-2019,11:59,8
648-83-1321,A,Male,1-16-2019,17:59,4.3
173-57-2300,C,Male,3-13-2019,12:51,6.1
305-03-2383,A,Female,2-15-2019,10:36,7.5
394-55-6384,C,Female,1-25-2019,13:38,6.7
266-20-6657,C,Male,03-12-2019,19:39,5.2
689-05-1884,A,Male,03-04-2019,12:44,8.8
196-01-2849,C,Female,02-10-2019,13:56,9.5
372-62-5264,C,Female,1-16-2019,14:42,7.6
800-09-8606,A,Female,1-29-2019,19:45,6.6
182-52-7000,A,Female,01-01-2019,20:26,6.9
826-58-8051,B,Male,01-06-2019,19:46,4.3
868-06-0466,A,Male,2-19-2019,19:38,7.8
751-41-9720,C,Male,01-12-2019,16:18,8
626-43-7888,C,Female,02-07-2019,12:23,9.6
176-64-7711,B,Male,3-27-2019,19:11,4.3
191-29-0321,B,Female,2-27-2019,18:57,5
729-06-2010,B,Male,01-06-2019,11:18,9.2
640-48-5028,B,Female,03-02-2019,12:40,6.3
186-79-9562,B,Male,3-29-2019,14:06,8.9
834-45-5519,B,Female,1-31-2019,20:48,7.6
162-65-8559,C,Male,1-21-2019,20:13,4.8
760-27-5490,C,Male,1-20-2019,20:37,9.1
445-30-9252,A,Male,1-17-2019,17:59,6.1
786-94-2700,A,Male,2-28-2019,20:18,9.1
728-88-7867,C,Female,3-19-2019,15:52,8.3
183-21-3799,C,Female,2-19-2019,15:14,7.2
268-20-3585,C,Female,02-04-2019,12:50,6
735-32-9839,C,Male,1-31-2019,10:36,8.5
258-92-7466,A,Female,02-06-2019,18:33,6.6
857-16-3520,A,Female,3-28-2019,16:06,4.5
482-17-1179,A,Male,1-19-2019,12:47,8.1
788-21-5741,A,Male,2-17-2019,13:34,7.2
821-14-9046,B,Female,1-18-2019,15:04,6.1
418-05-0656,B,Female,02-02-2019,20:42,7.1
678-79-0726,C,Female,1-18-2019,15:28,5.1
776-68-1096,B,Male,3-18-2019,13:45,7.9
592-46-1692,C,Female,01-11-2019,20:10,7.4
434-35-9162,B,Male,02-04-2019,18:53,7.4
149-14-0304,C,Female,02-06-2019,14:24,6.6
442-44-6497,C,Male,01-08-2019,11:42,5.9
174-64-0215,B,Male,03-05-2019,17:49,8.9
210-74-9613,C,Male,3-16-2019,15:33,6.8
299-29-0180,B,Female,03-09-2019,10:54,9.3
247-11-2470,A,Female,03-01-2019,16:23,4.4
635-28-5728,A,Male,2-28-2019,19:33,4.8
756-49-0168,A,Male,02-08-2019,11:39,9.5
438-23-1242,B,Male,1-24-2019,10:38,8.9
238-45-6950,B,Male,03-01-2019,20:03,6.4
607-65-2441,C,Male,03-10-2019,12:39,6
386-27-7606,C,Female,3-23-2019,15:59,8.1
137-63-5492,C,Male,1-29-2019,14:26,9
197-77-7132,B,Male,01-12-2019,18:22,6
805-86-0265,A,Male,3-20-2019,11:32,9.8
733-29-1227,C,Male,3-23-2019,12:41,8.5
451-73-2711,C,Male,1-14-2019,15:20,8.8
373-14-0504,A,Female,02-12-2019,14:33,8.8
546-80-2899,A,Male,2-20-2019,15:29,9.5
345-68-9016,C,Female,01-02-2019,16:19,5.6
390-17-5806,C,Female,02-02-2019,16:33,8.6
457-13-1708,B,Male,01-08-2019,19:07,5.2
664-14-2882,C,Female,1-30-2019,14:43,5.8
487-79-6868,B,Female,3-26-2019,19:28,8
314-23-4520,C,Male,1-15-2019,20:44,9
210-30-7976,B,Female,3-14-2019,11:16,4.1
585-86-8361,A,Female,02-03-2019,10:31,8.6
807-14-7833,A,Female,2-22-2019,12:30,7
775-72-1988,B,Male,1-24-2019,15:05,8.4
288-38-3758,C,Female,1-25-2019,18:30,7.4
652-43-6591,A,Female,03-09-2019,13:18,6.2
785-96-0615,B,Female,2-17-2019,15:28,4.9
406-46-7107,A,Female,01-11-2019,11:52,4.5
250-17-5703,A,Male,2-27-2019,18:24,5.6
156-95-3964,A,Female,3-25-2019,15:19,8
842-40-8179,B,Female,02-11-2019,10:38,5.6
525-09-8450,B,Male,1-31-2019,15:12,4.2
410-67-1709,A,Female,1-20-2019,17:48,9.9
587-73-4862,A,Female,3-26-2019,11:07,7.6
787-87-2010,A,Male,1-20-2019,15:48,6.6
593-14-4239,B,Female,03-05-2019,19:40,4.7
801-88-0346,C,Female,01-05-2019,20:30,9.8
388-76-2555,B,Male,2-13-2019,13:59,6.3
711-31-1234,B,Female,3-16-2019,18:51,7.9
886-54-6089,A,Female,1-15-2019,17:24,7.7
707-32-7409,B,Female,2-26-2019,11:58,4.5
759-98-4285,C,Female,2-27-2019,19:01,8
201-63-8275,C,Female,2-17-2019,16:50,5.7
471-06-8611,C,Female,02-06-2019,10:22,6.3
200-16-5952,C,Male,1-17-2019,16:46,6
120-54-2248,B,Female,1-22-2019,18:08,8
102-77-2261,C,Male,03-05-2019,18:02,4.2
875-31-8302,B,Male,01-03-2019,13:07,9.6
102-06-2002,C,Male,3-20-2019,17:52,6.1
457-94-0464,B,Male,1-31-2019,20:32,5.6
629-42-4133,C,Male,2-19-2019,19:24,8.3
534-53-3526,A,Female,02-11-2019,16:06,7.8
307-04-2070,A,Female,02-05-2019,14:14,4.1
468-99-7231,C,Female,03-03-2019,17:36,8.8
516-77-6464,C,Female,2-24-2019,13:08,4.1
404-91-5964,A,Male,02-04-2019,16:09,9
886-77-9084,C,Male,2-19-2019,11:33,5.5
790-38-4466,C,Female,1-23-2019,10:18,9.3
704-10-4056,C,Male,1-14-2019,10:55,5.6
497-37-6538,A,Male,1-17-2019,15:15,9.7
651-96-5970,A,Male,03-03-2019,20:06,4
400-80-4065,C,Male,2-15-2019,20:21,9.2
744-16-7898,B,Female,1-15-2019,13:48,4.9
263-12-5321,A,Male,2-27-2019,12:52,9.3
702-72-0487,A,Female,2-26-2019,12:28,6.6
605-83-1050,B,Male,3-15-2019,16:26,4.3
443-60-9639,C,Female,1-24-2019,13:24,5.5
864-24-7918,A,Female,2-22-2019,15:15,8.1
359-94-5395,B,Male,3-15-2019,10:50,9.8
401-09-4232,C,Male,02-11-2019,18:38,9.4
751-15-6198,B,Male,01-12-2019,16:45,7.9
324-41-6833,C,Female,03-03-2019,19:30,5.1
474-33-8305,C,Male,3-23-2019,13:23,6.9
759-29-9521,A,Female,03-04-2019,11:27,8
831-81-6575,B,Female,2-23-2019,11:12,8
220-68-6701,A,Female,3-17-2019,16:36,4.2
618-34-8551,A,Female,1-16-2019,18:41,8.5
257-60-7754,A,Female,01-08-2019,17:12,9
559-61-5987,B,Female,1-14-2019,10:38,8.6
189-55-2313,C,Female,1-31-2019,10:33,6
565-91-4567,B,Male,3-15-2019,14:38,6.2
380-60-5336,A,Female,2-24-2019,18:06,5
815-04-6282,C,Female,02-08-2019,12:52,6.5
674-56-6360,A,Male,3-22-2019,14:00,6
778-34-2523,A,Female,1-24-2019,10:57,5
499-27-7781,B,Female,3-14-2019,16:45,5
477-59-2456,C,Female,1-23-2019,11:15,9.2
832-51-6761,A,Male,1-19-2019,20:29,9.6
869-11-3082,B,Male,1-27-2019,20:03,8.4
190-59-3964,B,Male,02-03-2019,14:35,6
366-43-6862,B,Male,3-25-2019,16:32,6.7
186-43-8965,A,Female,2-24-2019,10:10,4.1
784-21-9238,C,Male,02-07-2019,14:15,5.9
276-75-6884,A,Female,03-04-2019,10:05,8.7
109-86-4363,B,Female,2-14-2019,11:36,4.5
569-76-2760,A,Female,1-29-2019,18:15,6.6
222-42-0244,B,Female,1-28-2019,13:53,7.7
760-53-9233,A,Male,3-26-2019,18:37,8.5
538-22-0304,C,Male,3-24-2019,18:27,5.2
416-17-9926,A,Female,01-01-2019,14:42,4.3
237-44-6163,A,Male,1-24-2019,17:43,7.6
636-17-0325,B,Male,2-25-2019,18:37,9.5
343-75-9322,B,Female,01-09-2019,16:34,4.1
528-14-9470,A,Male,2-14-2019,14:42,9.2
427-45-9297,B,Female,03-12-2019,11:01,5.4
807-34-3742,A,Male,3-26-2019,19:44,5.8
288-62-1085,A,Male,01-09-2019,13:34,5.6
670-71-7306,B,Male,01-02-2019,20:08,5.1
660-29-7083,C,Male,1-15-2019,15:01,5.8
271-77-8740,C,Female,01-01-2019,11:40,5
497-36-0989,A,Male,2-15-2019,15:21,7.9
291-59-1384,B,Male,2-28-2019,17:38,6
860-73-6466,A,Female,03-02-2019,16:16,5
549-23-9016,C,Female,2-13-2019,18:15,8.9
896-34-0956,A,Male,1-26-2019,12:43,5.9
804-38-3935,A,Male,1-30-2019,11:32,5.9
585-90-0249,A,Male,1-27-2019,18:08,9.7
862-29-5914,C,Female,1-30-2019,17:08,8.6
845-94-6841,C,Female,01-08-2019,19:38,4
125-45-2293,A,Female,1-19-2019,13:11,4.2
843-73-4724,A,Male,1-25-2019,11:05,9.2
409-33-9708,A,Female,2-19-2019,10:12,9.2
658-66-3967,C,Male,1-14-2019,15:42,5
866-70-2814,B,Female,2-25-2019,11:58,10
160-22-2687,A,Female,1-23-2019,14:21,8.8
895-03-6665,B,Female,2-16-2019,10:52,4.2
770-42-8960,B,Male,01-01-2019,19:31,6.3
748-45-2862,A,Female,03-07-2019,18:35,8.2
234-36-2483,B,Male,2-15-2019,13:51,5.1
316-66-3011,A,Female,1-23-2019,12:35,5
848-95-6252,C,Female,2-20-2019,13:24,7
840-76-5966,A,Male,01-08-2019,18:06,7.8
152-03-4217,B,Female,3-17-2019,11:55,4.3
533-66-5566,B,Female,01-12-2019,11:42,7
124-31-1458,A,Female,01-08-2019,14:30,6.6
176-78-1170,C,Male,1-26-2019,15:11,7.3
361-59-0574,B,Male,3-15-2019,14:48,6.5
101-81-4070,C,Female,1-17-2019,12:36,4.9
631-34-1880,C,Male,01-08-2019,19:09,4.3
852-82-2749,A,Male,01-06-2019,13:35,9.3
873-14-6353,A,Male,2-16-2019,10:33,7.1
584-66-4073,C,Male,3-13-2019,15:45,9.6
544-55-9589,B,Female,1-28-2019,11:51,6.2
166-19-2553,A,Male,1-18-2019,17:26,9.9
737-88-5876,A,Male,3-19-2019,11:52,5.9
154-87-7367,C,Male,3-15-2019,14:04,6.3
885-56-0389,C,Male,02-12-2019,17:49,4
608-05-3804,B,Male,2-25-2019,20:19,6.1
448-61-3783,A,Female,3-21-2019,16:08,4.5
761-49-0439,B,Female,1-19-2019,10:17,8.6
490-95-0021,B,Female,01-08-2019,14:25,6
115-38-7388,C,Female,3-30-2019,12:51,9.5
311-13-6971,B,Male,2-20-2019,15:18,9.9
291-55-6563,A,Female,3-30-2019,12:45,7.5
548-48-3156,A,Female,3-19-2019,13:37,7.6
460-93-5834,A,Male,1-13-2019,10:03,5
325-89-4209,A,Male,02-05-2019,19:42,6.7
884-80-6021,A,Female,3-23-2019,13:14,9.5
137-74-8729,C,Female,3-13-2019,12:47,6.8
880-46-5796,A,Male,3-17-2019,19:53,5.6
389-70-2397,C,Female,2-21-2019,10:26,7.2
114-35-5271,B,Female,02-07-2019,15:06,8.1
607-76-6216,C,Female,03-02-2019,16:35,8.6
715-20-1673,B,Male,03-06-2019,20:57,9.4
811-35-1094,B,Male,02-06-2019,15:16,8.9
699-88-1972,B,Male,1-28-2019,17:47,4.2
781-84-8059,C,Male,1-18-2019,16:23,5
409-49-6995,C,Female,02-05-2019,10:17,8.8
725-54-0677,C,Male,03-02-2019,13:50,5.3
146-09-5432,A,Male,02-09-2019,19:17,4.6
377-79-7592,C,Female,1-14-2019,14:00,7.5
509-10-0516,B,Male,02-09-2019,12:02,5.1
595-94-9924,A,Female,3-26-2019,20:21,4.2
865-41-9075,A,Male,1-28-2019,17:35,8.1
545-07-8534,C,Female,2-14-2019,12:42,6
118-62-1812,C,Female,3-24-2019,17:56,7.9
450-42-3339,C,Male,02-09-2019,18:58,8.8
851-98-3555,B,Female,3-24-2019,14:08,6.6
186-71-5196,A,Female,3-27-2019,16:30,6.2
624-01-8356,B,Female,1-27-2019,10:44,4.2
313-66-9943,B,Female,3-27-2019,20:29,7.3
151-27-8496,C,Female,1-19-2019,11:43,8.6
453-33-6436,A,Female,02-07-2019,10:09,6.8
522-57-8364,A,Male,1-31-2019,10:00,7.6
459-45-2396,A,Female,2-25-2019,18:45,5.8
717-96-4189,C,Female,02-02-2019,12:40,4.1
722-13-2115,C,Male,3-14-2019,15:36,9.3
749-81-8133,A,Female,03-11-2019,12:04,6.8
777-67-2495,B,Male,2-22-2019,11:26,8.7
636-98-3364,B,Female,03-02-2019,12:36,6.3
246-55-6923,C,Female,03-10-2019,15:06,5.1
181-82-6255,B,Female,02-08-2019,10:58,7
838-02-1821,C,Female,2-22-2019,12:10,5.2
887-42-0517,C,Female,01-10-2019,10:31,6.6
457-12-0244,C,Female,3-14-2019,13:49,6.5
226-34-0034,B,Female,01-10-2019,11:10,9
321-49-7382,B,Male,2-15-2019,17:38,5.2
397-25-8725,A,Female,1-13-2019,17:54,6.8
431-66-2305,B,Female,2-15-2019,20:51,7.6
825-94-5922,B,Male,03-02-2019,19:26,7.2
641-62-7288,B,Male,3-24-2019,13:33,7.1
756-93-1854,C,Female,02-02-2019,14:05,9.5
243-55-8457,A,Female,2-27-2019,11:40,5.1
458-10-8612,C,Male,1-20-2019,12:27,7.6
501-61-1753,B,Female,01-03-2019,20:24,9.8
235-06-8510,C,Male,1-24-2019,20:59,5.1
433-08-7822,C,Female,01-05-2019,19:48,7.5
361-85-2571,A,Female,3-30-2019,10:18,7.4
131-70-8179,A,Female,2-17-2019,16:27,4.2
500-02-2261,C,Female,3-21-2019,17:04,5.9
720-72-2436,A,Male,03-02-2019,18:14,6.9
702-83-5291,C,Male,3-27-2019,10:43,6.6
809-69-9497,A,Female,1-19-2019,19:30,5.7
449-16-6770,A,Male,2-19-2019,14:53,5.3
333-23-2632,A,Male,3-28-2019,20:14,4.2
489-82-1237,A,Female,01-05-2019,11:51,7.3
859-97-6048,C,Male,3-26-2019,14:13,5.3
676-10-2200,B,Male,02-03-2019,20:13,4.7
373-88-1424,C,Male,02-06-2019,18:44,7.9
365-16-4334,B,Female,2-24-2019,14:26,8.9
503-21-4385,B,Male,2-21-2019,12:40,9.3
305-89-2768,B,Female,01-09-2019,18:43,4.7
574-80-1489,B,Female,2-25-2019,13:22,8.7
784-08-0310,C,Female,1-13-2019,13:58,7.6
200-40-6154,B,Male,02-09-2019,11:45,5.7
846-10-0341,A,Female,01-06-2019,11:51,6.8
577-34-7579,C,Male,01-10-2019,17:16,5.4
430-02-3888,B,Male,02-07-2019,15:55,7.1
867-47-1948,C,Female,01-09-2019,12:07,7.8
384-59-6655,A,Female,2-19-2019,15:07,8.4
256-58-3609,C,Male,3-18-2019,15:29,9.8
324-92-3863,A,Male,02-05-2019,18:45,9.8
593-08-5916,A,Female,3-19-2019,15:23,7.4
364-34-2972,C,Male,3-30-2019,20:37,6.7
794-42-3736,B,Male,1-26-2019,14:41,6.4
172-42-8274,B,Female,03-02-2019,18:18,5.8
558-60-5016,A,Female,03-04-2019,15:27,7.2
195-06-0432,A,Male,1-13-2019,12:55,9.3
605-03-2706,A,Female,3-25-2019,18:02,9.5
214-30-2776,B,Female,03-11-2019,19:44,9
746-04-1077,B,Female,01-01-2019,11:36,9
448-34-8700,B,Male,02-10-2019,13:51,6.7
452-04-8808,B,Male,1-26-2019,15:17,5.5
531-56-4728,A,Male,02-11-2019,15:29,5.4
744-82-9138,C,Male,02-07-2019,17:59,8.2
883-69-1285,B,Male,03-06-2019,11:55,7
221-25-5073,A,Female,03-04-2019,10:39,8.5
518-71-6847,B,Male,2-26-2019,15:10,4.9
156-20-0370,B,Female,03-10-2019,18:10,5.1
151-33-7434,B,Female,02-04-2019,20:43,6.5
728-47-9078,C,Male,1-19-2019,12:46,9.8
809-46-1866,A,Male,1-23-2019,17:44,8.4
139-32-4183,A,Female,3-14-2019,14:19,7.4
148-41-7930,C,Male,1-23-2019,10:33,6.1
189-40-5216,C,Male,01-09-2019,11:40,6
374-38-5555,B,Female,02-07-2019,19:30,8.5
764-44-8999,B,Female,2-18-2019,14:42,4.3
552-44-5977,B,Male,01-03-2019,19:08,6.2
267-62-7380,C,Male,3-29-2019,19:12,4.3
430-53-4718,B,Male,1-28-2019,15:46,8.4
886-18-2897,A,Female,3-22-2019,19:06,4.5
602-16-6955,B,Female,1-24-2019,18:10,6
745-74-0715,A,Male,03-10-2019,20:46,8.8
690-01-6631,B,Male,2-22-2019,18:35,6.6
652-49-6720,C,Female,2-18-2019,11:40,5.9
233-67-5758,C,Male,1-29-2019,13:46,6.2
303-96-2227,B,Female,03-02-2019,17:16,4.4
727-02-1313,A,Male,02-09-2019,13:22,7.7
347-56-2442,A,Male,2-22-2019,15:33,4.1
849-09-3807,A,Female,2-18-2019,13:28,6.6
